final_record_alpha_0.8_delta_0.1_factor0.5,total_record
1113.0609999999945,2069.1395999999813
1048.1909999999975,1970.319999999997
1074.2449999999994,2001.4651999999994
1127.7850000000033,2084.534400000007
1100.6450000000002,2087.4353999999835
0,0
0,0
0,0
0,0
0,0
0,0
0,0
0,0
0,0
0,0
0,0
0,0
0,0
0,0
0,0
0,0
0,0
0,0
0,0
0,0
