final_record_alpha_0.7_delta_0.05_factor0.75,total_record
879.1912792949374,1368.7238349050162
842.9983487704208,1330.6546289372836
866.5847472495832,1381.2907830309969
874.5451573756001,1400.2257451068097
870.2622383208112,1363.161212047092
0,0
0,0
0,0
0,0
0,0
0,0
0,0
0,0
0,0
0,0
0,0
0,0
0,0
0,0
0,0
0,0
0,0
0,0
0,0
0,0
