final_record_alpha_0.8_delta_0.1_factor0.5,total_record
268.13419999999917,828.6509999999756
257.4273999999974,884.7469999999713
245.32760000000064,714.6201999999787
220.41239999999496,763.1201999999703
284.6865999999935,889.4995999999677
0,0
0,0
0,0
0,0
0,0
0,0
0,0
0,0
0,0
0,0
0,0
0,0
0,0
0,0
0,0
0,0
0,0
0,0
0,0
0,0
